{
	"name": "heartbeat",
	"title": "Heartbeat",
	"description": "Make hp changes exiting and immersive!",
	"version": "10.1",
	"author": "Handyfon#1802",
	"esmodules": ["heartbeat.js"],
	"styles": ["heartbeat.css"],
	 "socket": true,
    "url": "https://github.com/Handyfon/heartbeat/tree/master",
    "manifest": "https://raw.githubusercontent.com/Handyfon/heartbeat/master/module.json",
    "download": "https://github.com/Handyfon/heartbeat/raw/main/heartbeat.zip",
	"minimumCoreVersion": "10",
	"compatibleCoreVersion": "10"
}