{
	"name": "heartbeat",
	"title": "Heartbeat",
	"description": "Make hp changes exiting and immersive!",
	"version": "10.1",
	"author": "Handyfon#8390",
	"esmodules": ["heartbeat.js"],
	"styles": ["heartbeat.css"],
	 "socket": true,
    "url": "https://github.com/Handyfon/roll-of-fate/tree/master",
    "manifest": "https://raw.githubusercontent.com/Handyfon/roll-of-fate/master/module.json",
    "download": "https://github.com/Handyfon/roll-of-fate/raw/master/fate.zip",
	"minimumCoreVersion": "10",
	"compatibleCoreVersion": "10"
}