{
	"id": "heartbeat",
	"title": "Heartbeat",
	"description": "Make hp changes exiting and immersive!",
	"version": "13.1.2",
	"author": "Handyfon#1802",
	"esmodules": ["heartbeat.js"],
	"styles": ["heartbeat.css"],
	 "socket": true,
    "url": "https://github.com/Handyfon/heartbeat/tree/master",
    "manifest": "https://raw.githubusercontent.com/Handyfon/heartbeat/master/module.json",
    "download": "https://github.com/Handyfon/heartbeat/raw/main/heartbeat.zip",
	"compatibility": {
		"minimum": "11",
		"verified": "13"
	}
}